OCC_TITLE,ANNUAL_MEAN,A_PCT10,A_PCT25,A_PCT75
All Occupations,58260,23980,29950,68590
Management Occupations,123370,47860,74710,160960
Top Executives,120520,41260,60900,160540
General and Operations Managers,115250,43260,60690,151750
Legislators,57110,17850,22880,78510
"Advertising, Marketing, Promotions, Public Relations, and Sales Managers",145130,63270,95140,177360
Advertising and Promotions Managers,142860,61250,94020,172210
Marketing and Sales Managers,146600,63350,95530,187100
Marketing Managers,153440,77680,100010,192520
Sales Managers,142390,61090,84450,173010
Public Relations and Fundraising Managers,132800,62940,81880,163000
Public Relations Managers,138000,66000,94660,164830
Fundraising Managers,119400,60400,77170,150920
Operations Specialties Managers,139900,73230,95660,165860
Administrative Services and Facilities Managers,109590,59210,76650,129530
Administrative Services Managers,113030,59470,77070,131130
Facilities Managers,101970,59010,74700,125940
Computer and Information Systems Managers,162930,95220,122820,198750
Financial Managers,153460,77040,99620,191860
Industrial Production Managers,117780,64150,80190,134130
Purchasing Managers,134590,77310,98720,162630
"Transportation, Storage, and Distribution Managers",105580,58570,75290,126600
Compensation and Benefits Managers,139470,77040,98720,163870
Human Resources Managers,136590,75000,95310,163360
Training and Development Managers,128800,64370,90980,161520
Other Management Occupations,107230,47040,62520,129820
"Farmers, Ranchers, and Other Agricultural Managers",78440,38200,49940,96520
Construction Managers,108210,60050,76960,127110
Education and Childcare Administrators,99280,48100,73900,124620
"Education and Childcare Administrators, Preschool and Daycare",53800,31200,37200,60010
"Education Administrators, Kindergarten through Secondary",102650,61480,77450,125520
"Education Administrators, Postsecondary",111260,59150,74730,128020
"Education Administrators, All Other",94730,47630,62190,119400
Architectural and Engineering Managers,158970,99350,125470,190420
Food Service Managers,63970,36630,46590,76130
Entertainment and Recreation Managers,76430,37840,48630,94210
Gambling Managers,89190,47580,60150,100170
"Entertainment and Recreation Managers, Except Gambling",73810,37020,47850,90870
Lodging Managers,67770,35530,46400,77510
Medical and Health Services Managers,119840,60780,77750,135750
Natural Sciences Managers,156110,75040,101400,202910
Postmasters and Mail Superintendents,81820,68970,74030,89610
"Property, Real Estate, and Community Association Managers",70030,30740,42420,79420
Social and Community Service Managers,76790,46550,58490,93950
Emergency Management Directors,84800,46670,59350,100450
Personal Service Managers,74360,37060,48500,83560
Funeral Home Managers,82900,42260,50200,97980
"Personal Service Managers, All Other",59580,31350,46700,60890
Miscellaneous Managers,129710,60390,80890,162380
"Managers, All Other",129710,60390,80890,162380
Business and Financial Operations Occupations,82610,39060,53410,100220
Business Operations Specialists,80380,38740,50490,99450
"Agents and Business Managers of Artists, Performers, and Athletes",116410,47370,61160,162930
Buyers and Purchasing Agents,72540,38430,49150,87820
"Claims Adjusters, Appraisers, Examiners, and Investigators",70850,42490,49620,81410
"Claims Adjusters, Examiners, and Investigators",70960,41490,49620,81890
"Insurance Appraisers, Auto Damage",68180,47240,58850,79110
Compliance Officers,75810,38950,50020,96660
Cost Estimators,73740,38880,49600,89210
Human Resources Workers,71210,37570,48140,82720
Human Resources Specialists,70720,37680,48080,81090
Farm Labor Contractors,54400,31990,38140,61700
Labor Relations Specialists,77070,22880,49310,100180
Logisticians and Project Management Specialists,94530,48760,63020,120910
Logisticians,79230,45160,59740,98680
Project Management Specialists,98420,49750,64250,125430
Management Analysts,100530,50190,64150,124430
"Meeting, Convention, and Event Planners",57850,30170,38430,67480
Fundraisers,64870,37020,47250,78470
"Compensation, Benefits, and Job Analysis Specialists",73810,42760,49800,83720
Training and Development Specialists,67620,31340,47040,80510
Market Research Analysts and Marketing Specialists,76080,37570,48400,97600
Miscellaneous Business Operations Specialists,79240,38050,49630,98490
"Business Operations Specialists, All Other",79240,38050,49630,98490
Financial Specialists,87350,43720,59150,101430
Accountants and Auditors,83980,47970,60760,99800
Property Appraisers and Assessors,70050,35520,47040,81050
Budget Analysts,84240,49330,62750,101730
Credit Analysts,88030,47630,60490,101250
Financial Analysts and Advisors,106340,48730,62380,127610
Financial and Investment Analysts,103020,57900,66030,124610
Personal Financial Advisors,119960,47570,61200,158890
Insurance Underwriters,79940,47330,58840,98270
Financial Risk Specialists,110610,59370,77310,131910
Financial Examiners,96180,48830,62320,122030
Credit Counselors and Loan Officers,78040,33290,47040,97070
Credit Counselors,50430,35240,37900,59390
Loan Officers,80570,32520,47490,98130
"Tax Examiners, Collectors and Preparers, and Revenue Agents",55750,28770,35920,69680
"Tax Examiners and Collectors, and Revenue Agents",63200,35260,43590,80580
Tax Preparers,51080,23930,30340,62100
Miscellaneous Financial Specialists,80370,38220,50120,98680
"Financial Specialists, All Other",80370,38220,50120,98680
Computer and Mathematical Occupations,99860,47430,62590,128030
Computer Occupations,99620,47360,62460,128020
Computer and Information Analysts,104840,60900,77750,127740
Computer Systems Analysts,102210,60680,77620,126780
Information Security Analysts,113270,61520,79400,131340
Computer and Information Research Scientists,142650,74210,99140,164280
Computer Support Specialists,60550,36180,45020,76080
Computer Network Support Specialists,71350,38560,48900,80220
Computer User Support Specialists,57650,34220,39380,68130
Database and Network Administrators and Architects,102440,57350,75230,127690
Computer Network Architects,120650,63240,83870,151960
Database Administrators,96550,48880,63160,124550
Database Architects,121840,63260,81110,156140
Network and Computer Systems Administrators,91250,49560,62970,102720
"Software and Web Developers, Programmers, and Testers",113720,60820,79320,132070
Computer Programmers,96650,47560,62840,122600
Software Developers,120990,64470,90870,151960
Software Quality Assurance Analysts and Testers,97710,48960,71910,124550
Web Developers,81320,38280,51100,100670
Web and Digital Interface Designers,95460,38550,57220,126110
Miscellaneous Computer Occupations,98180,45630,61920,127360
"Computer Occupations, All Other",98180,45630,61920,127360
Mathematical Science Occupations,103800,49490,71720,128270
Actuaries,125300,63260,80320,153310
Mathematicians,112430,61760,78850,134780
Operations Research Analysts,95830,48690,61940,119240
Statisticians,99450,49350,70120,125800
Data Scientists,108660,59430,77620,130770
Miscellaneous Mathematical Science Occupations,77960,35460,47330,97080
"Mathematical Science Occupations, All Other",77960,35460,47330,97080
Architecture and Engineering Occupations,91740,47490,61470,112550
"Architects, Surveyors, and Cartographers",82880,46950,60220,99630
"Architects, Except Naval",89400,48240,61810,101260
"Architects, Except Landscape and Naval",91900,48930,62500,102160
Landscape Architects,74980,43260,51420,94310
"Surveyors, Cartographers, and Photogrammetrists",69870,37720,48270,80250
Cartographers and Photogrammetrists,73510,47230,58000,86000
Surveyors,68880,37360,47690,79600
Engineers,104000,61000,77470,127110
Aerospace Engineers,122970,77440,96130,152950
Agricultural Engineers,87350,55810,61740,99880
Bioengineers and Biomedical Engineers,101020,60680,75780,123400
Chemical Engineers,121840,62730,80140,139310
Civil Engineers,95490,60550,74250,117270
Computer Hardware Engineers,136230,77100,99880,164930
Electrical and Electronics Engineers,110670,63180,79610,130280
Electrical Engineers,107890,62360,78500,128560
"Electronics Engineers, Except Computer",115490,73630,81500,133320
Environmental Engineers,100220,59820,74850,126190
"Industrial Engineers, Including Health and Safety",95520,60750,76650,109050
"Health and Safety Engineers, Except Mining Safety Engineers and Inspectors",99700,58490,76650,126780
Industrial Engineers,95200,60850,76650,105530
Marine Engineers and Naval Architects,97820,56550,76600,118610
Materials Engineers,101950,60580,76650,127110
Mechanical Engineers,97000,60750,76050,120180
"Mining and Geological Engineers, Including Mining Safety Engineers",100450,48690,70110,127530
Nuclear Engineers,121760,75460,93840,136240
Petroleum Engineers,145720,78390,100880,167750
Miscellaneous Engineers,107800,58730,77560,130650
"Engineers, All Other",107800,58730,77560,130650
"Drafters, Engineering Technicians, and Mapping Technicians",62420,37100,47090,76600
Drafters,61680,37390,47370,75800
Architectural and Civil Drafters,60620,37370,47450,74940
Electrical and Electronics Drafters,67090,38120,48460,78700
Mechanical Drafters,62650,37590,47230,76150
"Drafters, All Other",58330,36900,46150,67880
"Engineering Technologists and Technicians, Except Drafters",64600,37440,47490,77380
Aerospace Engineering and Operations Technologists and Technicians,73510,47040,57780,94530
Civil Engineering Technologists and Technicians,58000,36550,42110,73280
Electrical and Electronic Engineering Technologists and Technicians,69070,39840,49330,79080
Electro-Mechanical and Mechatronics Technologists and Technicians,63880,37650,47680,76920
Environmental Engineering Technologists and Technicians,56590,35870,37850,66870
Industrial Engineering Technologists and Technicians,61230,37790,47410,75600
Mechanical Engineering Technologists and Technicians,63390,37670,47700,76600
Calibration Technologists and Technicians,62800,36930,47110,76920
"Engineering Technologists and Technicians, Except Drafters, All Other",68290,37530,47690,81490
Surveying and Mapping Technicians,49810,29770,36960,59790
"Life, Physical, and Social Science Occupations",80730,37830,49460,100230
Life Scientists,93190,48510,62130,115970
Agricultural and Food Scientists,79970,44160,54060,98910
Animal Scientists,80390,46930,52430,89610
Food Scientists and Technologists,84150,45010,60130,101180
Soil and Plant Scientists,76290,39980,50230,93770
Biological Scientists,93970,48550,62470,118210
Biochemists and Biophysicists,113460,61090,79000,132390
Microbiologists,87820,47630,59860,110010
Zoologists and Wildlife Biologists,70300,42420,50520,81690
"Biological Scientists, All Other",90010,48260,62490,104210
Conservation Scientists and Foresters,68080,39430,49930,80910
Conservation Scientists,68230,38670,49340,81500
Foresters,67710,43280,50510,79530
Medical Scientists,102830,50100,62800,129450
Epidemiologists,86740,50100,62350,101600
"Medical Scientists, Except Epidemiologists",104050,50100,62800,130090
Miscellaneous Life Scientists,94430,48620,61830,113400
"Life Scientists, All Other",94430,48620,61830,113400
Physical Scientists,96340,48410,62220,121560
Astronomers and Physicists,150510,77020,105120,181430
Astronomers,139410,61910,80110,172490
Physicists,151580,78870,107030,184280
Atmospheric and Space Scientists,96880,48600,65110,119770
Chemists and Materials Scientists,90330,48330,61880,113140
Chemists,89130,48100,61540,107140
Materials Scientists,104790,56380,77500,130400
Environmental Scientists and Geoscientists,86980,47370,60260,102250
"Environmental Scientists and Specialists, Including Health",81240,46200,58200,99090
"Geoscientists, Except Hydrologists and Geographers",103550,48880,62540,128920
Hydrologists,94780,51120,64670,106440
Miscellaneous Physical Scientists,113220,52060,78320,141540
"Physical Scientists, All Other",113220,52060,78320,141540
Social Scientists and Related Workers,90810,48010,62070,105530
Economists,120830,62460,79760,151110
Survey Researchers,64690,26360,38840,78560
Psychologists,92100,47850,62170,107090
Industrial-Organizational Psychologists,113320,63750,79590,135070
Clinical and Counseling Psychologists,99640,47010,62040,126590
School Psychologists,82770,49260,62070,100040
"Psychologists, All Other",98010,39760,73910,120240
Sociologists,96260,60770,65530,114300
Urban and Regional Planners,81310,48720,61880,99090
Miscellaneous Social Scientists and Related Workers,89840,48330,62470,110550
Anthropologists and Archeologists,66800,37870,48420,78930
Geographers,86740,53410,64740,102060
Historians,72130,37310,48440,92540
Political Scientists,120430,61480,82450,155190
"Social Scientists and Related Workers, All Other",90900,50230,66210,109780
"Life, Physical, and Social Science Technicians",53890,30870,37820,62040
Agricultural and Food Science Technicians,46240,29550,36750,53890
Agricultural Technicians,44850,29010,32160,50860
Food Science Technicians,47870,33710,37650,55260
Biological Technicians,51770,31170,37820,61530
Chemical Technicians,55040,31980,38740,63180
Environmental Science and Geoscience Technicians,53830,30350,37670,61400
"Environmental Science and Protection Technicians, Including Health",50550,30050,37210,59860
"Geological Technicians, Except Hydrologic Technicians",59080,30590,38620,73690
Hydrologic Technicians,71760,38310,46410,84570
Nuclear Technicians,95200,60490,78810,106260
Social Science Research Assistants,56430,31240,44800,61970
Forest and Conservation Technicians,43420,29670,32260,51580
"Miscellaneous Life, Physical, and Social Science Technicians",57880,30770,38710,67000
Forensic Science Technicians,66850,37670,47750,80670
"Life, Physical, and Social Science Technicians, All Other",55420,30240,37830,63180
Occupational Health and Safety Specialists and Technicians,75150,38620,50730,95160
Occupational Health and Safety Specialists,78740,44040,59490,98650
Occupational Health and Safety Technicians,57560,30330,38840,73860
Community and Social Service Occupations,53960,30440,37890,62550
"Counselors, Social Workers, and Other Community and Social Service Specialists",53950,30460,37940,62520
Counselors,56410,31040,38830,63460
"Educational, Guidance, and Career Counselors and Advisors",63090,37550,47390,77210
Marriage and Family Therapists,59660,37050,42910,75410
Rehabilitation Counselors,44740,28890,30610,52920
"Substance Abuse, Behavioral Disorder, and Mental Health Counselors",53490,30870,38520,61660
"Counselors, All Other",49730,29490,37060,58090
Social Workers,57880,36520,40000,68730
"Child, Family, and School Social Workers",54880,35820,38900,62560
Healthcare Social Workers,62310,37630,47630,76920
Mental Health and Substance Abuse Social Workers,57800,31010,38630,69260
"Social Workers, All Other",63010,36780,46340,80040
Miscellaneous Community and Social Service Specialists,47380,29030,35080,57660
Health Education Specialists,64930,37020,46770,78220
Probation Officers and Correctional Treatment Specialists,63290,37380,46920,77020
Social and Human Service Assistants,40460,27910,30440,46960
Community Health Workers,47780,30440,36940,59280
"Community and Social Service Specialists, All Other",50510,29520,37170,60300
Religious Workers,54340,29120,37030,62870
Clergy,57230,30450,38800,63560
"Directors, Religious Activities and Education",52880,29030,36440,61480
Miscellaneous Religious Workers,43290,24710,29170,49060
"Religious Workers, All Other",43290,24710,29170,49060
Legal Occupations,113100,38620,58400,156900
"Lawyers, Judges, and Related Workers",144470,60420,80700,186810
Lawyers and Judicial Law Clerks,146220,61060,81180,192160
Lawyers,148030,61400,81620,194580
Judicial Law Clerks,62730,36520,43580,74390
"Judges, Magistrates, and Other Judicial Workers",119690,38720,62400,168020
"Administrative Law Judges, Adjudicators, and Hearing Officers",104160,47580,63850,132490
"Arbitrators, Mediators, and Conciliators",62350,29990,36910,75940
"Judges, Magistrate Judges, and Magistrates",142520,46490,81150,171230
Legal Support Workers,59190,36140,43860,73080
Paralegals and Legal Assistants,58330,36410,45390,72750
Miscellaneous Legal Support Workers,62170,32030,38550,74710
"Title Examiners, Abstractors, and Searchers",52390,30350,37240,61300
"Legal Support Workers, All Other",73000,36090,46070,94520
Educational Instruction and Library Occupations,62140,28320,37110,77150
Postsecondary Teachers,95200,39410,60360,122470
"Business Teachers, Postsecondary",105720,46910,61760,132070
"Math and Computer Science Teachers, Postsecondary",88730,46900,50800,103890
"Computer Science Teachers, Postsecondary",89610,47280,50010,105950
"Mathematical Science Teachers, Postsecondary",87980,45280,60310,103420
"Engineering and Architecture Teachers, Postsecondary",113150,58370,78020,134350
"Architecture Teachers, Postsecondary",98600,48720,64490,124440
"Engineering Teachers, Postsecondary",115590,60380,78130,134760
"Life Sciences Teachers, Postsecondary",98430,48720,62040,123630
"Agricultural Sciences Teachers, Postsecondary",97520,48720,64280,123630
"Biological Science Teachers, Postsecondary",98710,48720,61750,123730
"Forestry and Conservation Science Teachers, Postsecondary",93510,50280,63300,105250
"Physical Sciences Teachers, Postsecondary",97110,49090,62460,123390
"Atmospheric, Earth, Marine, and Space Sciences Teachers, Postsecondary",102840,49730,64030,127670
"Chemistry Teachers, Postsecondary",94060,49330,62060,104270
"Environmental Science Teachers, Postsecondary",92210,47760,62160,105850
"Physics Teachers, Postsecondary",99480,49000,62540,124660
"Social Sciences Teachers, Postsecondary",94340,47470,61610,112550
"Anthropology and Archeology Teachers, Postsecondary",102110,50580,64490,125150
"Area, Ethnic, and Cultural Studies Teachers, Postsecondary",91680,45650,61690,103890
"Economics Teachers, Postsecondary",124090,58330,78400,157320
"Geography Teachers, Postsecondary",88150,48960,63600,102720
"Political Science Teachers, Postsecondary",98980,48990,63050,122690
"Psychology Teachers, Postsecondary",88390,43050,60740,102040
"Sociology Teachers, Postsecondary",87850,46870,61420,101010
"Social Sciences Teachers, Postsecondary, All Other",87320,38080,60270,102230
"Health Teachers, Postsecondary",119880,48560,63730,157680
"Health Specialties Teachers, Postsecondary",133310,48890,64630,172680
"Nursing Instructors and Teachers, Postsecondary",82040,47630,61390,98680
"Education and Library Science Teachers, Postsecondary",77260,33580,49080,97450
"Education Teachers, Postsecondary",76990,31200,48780,97450
"Library Science Teachers, Postsecondary",80850,48390,61350,97340
"Law, Criminal Justice, and Social Work Teachers, Postsecondary",97720,39130,60750,125420
"Criminal Justice and Law Enforcement Teachers, Postsecondary",81730,38850,50770,99330
"Law Teachers, Postsecondary",130820,48760,73150,168210
"Social Work Teachers, Postsecondary",77650,36200,49990,98070
"Arts, Communications, History, and Humanities Teachers, Postsecondary",85110,38810,58060,100030
"Art, Drama, and Music Teachers, Postsecondary",86240,38090,49990,100130
"Communications Teachers, Postsecondary",84580,46640,60420,99330
"English Language and Literature Teachers, Postsecondary",82680,39230,51730,99330
"Foreign Language and Literature Teachers, Postsecondary",82990,46560,60550,99190
"History Teachers, Postsecondary",86460,39090,61070,101180
"Philosophy and Religion Teachers, Postsecondary",88260,39090,60670,100240
Miscellaneous Postsecondary Teachers,82100,37410,48840,100500
"Family and Consumer Sciences Teachers, Postsecondary",93230,48070,61350,106040
"Recreation and Fitness Studies Teachers, Postsecondary",79080,37630,49860,99150
"Career/Technical Education Teachers, Postsecondary",63130,36970,46910,76840
"Postsecondary Teachers, All Other",92200,37550,56550,123970
"Preschool, Elementary, Middle, Secondary, and Special Education Teachers",64870,37100,47910,77600
Preschool and Kindergarten Teachers,43060,23130,28900,49390
"Preschool Teachers, Except Special Education",36460,22840,28440,38620
"Kindergarten Teachers, Except Special Education",64490,38390,48100,76880
Elementary and Middle School Teachers,67030,44670,48480,77880
"Elementary School Teachers, Except Special Education",67080,43950,48450,77920
"Middle School Teachers, Except Special and Career/Technical Education",66880,45510,48540,77640
"Career/Technical Education Teachers, Middle School",69410,47040,52170,78260
Secondary School Teachers,69490,46260,48960,78770
"Secondary School Teachers, Except Special and Career/Technical Education",69530,46090,48830,78780
"Career/Technical Education Teachers, Secondary School",68960,47310,50130,78310
Special Education Teachers,68880,46180,49090,78510
"Special Education Teachers, Preschool",71970,37540,48450,85040
"Special Education Teachers, Kindergarten and Elementary School",67090,46400,48770,77920
"Special Education Teachers, Middle School",68860,46840,49120,78550
"Special Education Teachers, Secondary School",70100,47230,49850,79030
"Special Education Teachers, All Other",71330,38130,48350,82230
Other Teachers and Instructors,46490,23080,29210,50540
"Adult Basic Education, Adult Secondary Education, and English as a Second Language Instructors",60650,35530,46620,76400
Self-Enrichment Teachers,49230,23860,29900,59920
"Substitute Teachers, Short-Term",38410,22270,25670,41570
Tutors,41780,23640,29230,47070
Miscellaneous Teachers and Instructors,62200,29640,44520,77230
"Teachers and Instructors, All Other",62200,29640,44520,77230
"Librarians, Curators, and Archivists",55520,29160,37360,64100
"Archivists, Curators, and Museum Technicians",58830,30450,38610,74150
Archivists,61880,36750,46350,76930
Curators,63880,35990,46590,76920
Museum Technicians and Conservators,52030,29130,36440,61420
Librarians and Media Collections Specialists,64180,37300,47960,77400
Library Technicians,39070,23370,29330,47160
Other Educational Instruction and Library Occupations,38620,22360,27570,46460
Farm and Home Management Educators,58040,30030,37140,67660
Instructional Coordinators,70560,38390,49750,80780
Teaching Assistants,32640,21930,24100,37210
"Teaching Assistants, Postsecondary",41170,22730,29670,49010
"Teaching Assistants, Except Postsecondary",31760,21890,24040,36970
Miscellaneous Educational Instruction and Library Workers,49650,23300,30130,60860
"Educational Instruction and Library Workers, All Other",49650,23300,30130,60860
"Arts, Design, Entertainment, Sports, and Media Occupations",66100,29010,37270,79200
Art and Design Workers,58910,28680,34930,75770
Artists and Related Workers,95330,37980,59890,125930
Art Directors,115430,57220,77490,135350
Craft Artists,40730,22760,28830,47170
"Fine Artists, Including Painters, Sculptors, and Illustrators",69010,19430,37310,96580
Special Effects Artists and Animators,86220,46000,61300,102660
"Artists and Related Workers, All Other",67240,21750,38310,95910
Designers,53160,28540,31510,62840
Commercial and Industrial Designers,79680,44840,57070,98680
Fashion Designers,83650,37480,50630,101320
Floral Designers,32100,22830,27830,36770
Graphic Designers,59970,31310,39270,74700
Interior Designers,62570,30930,46420,77700
Merchandise Displayers and Window Trimmers,35520,26560,29240,37930
Set and Exhibit Designers,62960,30810,39180,78910
"Designers, All Other",73480,30230,44580,98030
"Entertainers and Performers, Sports and Related Workers",71870,23820,32930,80600
"Actors, Producers, and Directors",95360,35270,48810,125130
Producers and Directors,101950,38210,50860,129440
"Athletes, Coaches, Umpires, and Related Workers",54390,22300,29220,61040
Athletes and Sports Competitors,116930,25270,37890,
Coaches and Scouts,50550,22200,29240,60400
"Umpires, Referees, and Other Sports Officials",51710,19170,24350,48430
Dancers and Choreographers,50280,21420,29420,61440
Choreographers,49630,22150,29800,61750
Music Directors and Composers,65080,24440,36720,78030
Media and Communication Workers,71760,31630,46860,81950
Broadcast Announcers and Radio Disc Jockeys,56110,22860,29050,60090
"News Analysts, Reporters and Journalists",63230,29210,35250,77260
"News Analysts, Reporters, and Journalists",63230,29210,35250,77260
Public Relations Specialists,73250,37020,48670,81960
Writers and Editors,78950,38590,49610,98680
Editors,76400,36970,48380,97770
Technical Writers,81470,48890,61830,98840
Writers and Authors,81120,38500,49390,101080
Miscellaneous Media and Communication Workers,59650,29910,38440,76660
Interpreters and Translators,58400,29360,38230,75940
Court Reporters and Simultaneous Captioners,65240,34340,46480,79860
"Media and Communication Workers, All Other",59400,29080,38560,76920
Media and Communication Equipment Workers,58970,29120,36950,75180
"Broadcast, Sound, and Lighting Technicians",55750,29120,36910,64130
Audio and Video Technicians,55310,30160,38300,63260
Broadcast Technicians,51280,24580,30060,62590
Sound Engineering Technicians,67360,29110,42100,79730
Lighting Technicians,58020,30230,38470,62750
Photographers,48210,24540,30090,60000
"Television, Video, and Film Camera Operators and Editors",70020,33240,44330,80380
"Camera Operators, Television, Video, and Film",61740,30160,38430,77270
Film and Video Editors,76000,37060,47350,97950
Miscellaneous Media and Communication Equipment Workers,69290,29120,45960,95560
"Media and Communication Equipment Workers, All Other",69290,29120,45960,95560
Healthcare Practitioners and Technical Occupations,91100,36930,48700,99840
Healthcare Diagnosing or Treating Practitioners,112160,59640,63870,125510
Chiropractors,81240,37400,50470,98760
Dentists,177770,63880,101810,
Oral and Maxillofacial Surgeons,311460,78620,198490,
Orthodontists,267280,95940,150690,
Prosthodontists,143730,78850,100570,172650
"Dentists, All Other Specialists",179400,76990,86230,
Dietitians and Nutritionists,65620,42530,49490,77430
Optometrists,125440,61590,96230,141730
Pharmacists,125690,76840,121070,143600
Physician Assistants,119460,77940,99880,131740
Podiatrists,158380,61350,96320,
Therapists,84080,48760,61830,99760
Occupational Therapists,89470,60680,75710,100490
Physical Therapists,92920,61930,77750,101920
Radiation Therapists,94000,61030,75490,102060
Recreational Therapists,53900,31710,37850,61470
Respiratory Therapists,68190,47380,59280,77240
Speech-Language Pathologists,85820,51310,61970,100200
Exercise Physiologists,54030,36930,46120,60780
"Therapists, All Other",65030,37010,46980,77830
Veterinarians,109920,60760,78920,128410
Registered Nurses,82750,59450,61790,97580
Nurse Anesthetists,202470,131840,164860,
Nurse Midwives,114210,61500,96040,130450
Nurse Practitioners,118040,79470,99540,129680
Audiologists,86050,58920,71390,99340
Physicians,252480,62620,132060,
Anesthesiologists,331190,117590,,
Cardiologists,353970,165610,,
Dermatologists,302740,100940,170020,
Emergency Medicine Physicians,310640,103310,,
Family Medicine Physicians,235930,63580,143830,
General Internal Medicine Physicians,242190,62850,122140,
Neurologists,267660,78650,130920,
Obstetricians and Gynecologists,296210,101240,198290,
"Pediatricians, General",198420,75670,129410,
"Physicians, Pathologists",267180,63340,136160,
Psychiatrists,249760,64400,128380,
Radiologists,301720,78780,165610,
"Physicians, All Other",231500,61260,96450,
Surgeons,294520,79240,164060,
"Ophthalmologists, Except Pediatric",270090,100940,165380,
"Orthopedic Surgeons, Except Pediatric",306220,79870,193280,
Pediatric Surgeons,290310,99910,172240,
"Surgeons, All Other",297800,78610,129070,
Miscellaneous Healthcare Diagnosing or Treating Practitioners,84550,59500,70390,98680
Acupuncturists,71770,29580,38000,98440
Dental Hygienists,81360,60100,73540,98260
"Healthcare Diagnosing or Treating Practitioners, All Other",113230,58550,71120,143600
Health Technologists and Technicians,50300,29270,36770,60110
Clinical Laboratory Technologists and Technicians,56910,30280,37990,74530
Diagnostic Related Technologists and Technicians,70780,46770,58860,79340
Cardiovascular Technologists and Technicians,62020,29910,37990,77600
Diagnostic Medical Sonographers,80680,59640,62560,95360
Nuclear Medicine Technologists,84850,60550,74820,98410
Radiologic Technologists and Technicians,66490,46850,48900,77290
Magnetic Resonance Imaging Technologists,77820,59110,62090,90050
Medical Dosimetrists,124750,96040,103640,132510
Emergency Medical Technicians and Paramedics,41480,28320,29380,46950
Emergency Medical Technicians,36690,23620,28920,37660
Paramedics,49500,34420,37120,58810
Health Practitioner Support Technologists and Technicians,40170,28750,29650,46640
Dietetic Technicians,34160,22790,28400,37200
Pharmacy Technicians,37970,28740,29460,45850
Psychiatric Technicians,38000,26980,29210,45620
Surgical Technologists,53590,36930,46440,60780
Veterinary Technologists and Technicians,38250,28370,29810,45750
Ophthalmic Medical Technicians,41120,28910,30950,46700
Licensed Practical and Licensed Vocational Nurses,51850,37150,46410,59770
Medical Records Specialists,48310,29430,36930,59120
"Opticians, Dispensing",43060,28910,30310,47660
Miscellaneous Health Technologists and Technicians,51910,29520,36830,60020
Orthotists and Prosthetists,79820,41730,55710,95810
Hearing Aid Specialists,59960,33040,39130,75910
"Health Technologists and Technicians, All Other",49230,29430,36690,59040
Other Healthcare Practitioners and Technical Occupations,61470,30280,37990,76020
Health Information Technologists and Medical Registrars,61410,29680,37500,76960
Miscellaneous Health Practitioners and Technical Workers,61490,31200,38920,75560
Athletic Trainers,54650,36960,46590,60780
Genetic Counselors,86640,49120,76300,100200
Surgical Assistants,59170,32680,37850,75410
"Healthcare Practitioners and Technical Workers, All Other",64880,29570,37440,78230
Healthcare Support Occupations,33330,22890,28540,37240
"Home Health and Personal Care Aides; and Nursing Assistants, Orderlies, and Psychiatric Aides",30440,22550,26480,35730
Home Health and Personal Care Aides,29260,22290,24090,30230
"Nursing Assistants, Orderlies, and Psychiatric Aides",33290,23840,28890,37240
Nursing Assistants,33250,23880,28900,37170
Orderlies,33440,23970,28560,37380
Psychiatric Aides,34640,23120,25560,40960
Occupational Therapy and Physical Therapist Assistants and Aides,53900,27130,36150,64700
Occupational Therapy Assistants and Aides,61760,38200,49060,76500
Occupational Therapy Assistants,63560,46810,50880,76740
Occupational Therapy Aides,39230,23860,28350,46950
Physical Therapist Assistants and Aides,51280,24440,30230,62920
Physical Therapist Assistants,60740,37280,48670,75870
Physical Therapist Aides,30370,22140,24240,35320
Other Healthcare Support Occupations,39360,28780,30110,46710
Massage Therapists,49260,24450,34770,60510
Miscellaneous Healthcare Support Occupations,38860,28820,30100,46360
Dental Assistants,42510,29580,37000,47580
Medical Assistants,38190,29070,30200,43490
Medical Equipment Preparers,42420,29490,35230,48150
Medical Transcriptionists,34220,22810,28220,38220
Pharmacy Aides,34560,22840,27880,37500
Veterinary Assistants and Laboratory Animal Caretakers,31780,22920,28200,36520
Phlebotomists,38450,28990,30430,45090
"Healthcare Support Workers, All Other",40690,25810,29990,47770
Protective Service Occupations,53420,27370,31450,64610
Supervisors of Protective Service Workers,81010,40290,51790,100750
First-Line Supervisors of Law Enforcement Workers,90110,47520,61600,107300
First-Line Supervisors of Correctional Officers,69750,40610,47680,84760
First-Line Supervisors of Police and Detectives,98760,51790,67210,127020
First-Line Supervisors of Firefighting and Prevention Workers,83270,47450,61270,100350
"Miscellaneous First-Line Supervisors, Protective Service Workers",57730,31850,39830,65580
First-Line Supervisors of Security Workers,55080,31440,38290,64010
"First-Line Supervisors of Protective Service Workers, All Other",63910,37300,50020,76880
Firefighting and Prevention Workers,55910,29070,37320,69650
Firefighters,55290,29030,37140,65980
Fire Inspectors,67230,37000,47850,80510
Fire Inspectors and Investigators,69680,40190,50480,81850
Forest Fire Inspectors and Prevention Specialists,54340,30000,33000,67210
Law Enforcement Workers,66370,37330,47310,79710
"Bailiffs, Correctional Officers, and Jailers",53380,34130,38500,62980
Bailiffs,52340,27560,37420,63160
Correctional Officers and Jailers,53420,34600,38590,62940
Detectives and Criminal Investigators,90370,48040,61600,106540
Fish and Game Wardens,58190,31200,47260,71530
Parking Enforcement Workers,46050,29030,34550,58850
Police Officers,70740,40190,50630,81850
Police and Sheriff's Patrol Officers,70750,40190,50630,81850
Transit and Railroad Police,69570,47310,51130,81430
Other Protective Service Workers,36280,22920,28700,39540
Animal Control Workers,42620,28690,31590,49600
Private Detectives and Investigators,60970,32130,40290,77540
Security Guards and Gambling Surveillance Officers,35860,23260,28890,39170
Gambling Surveillance Officers and Gambling Investigators,38080,27970,29470,39790
Security Guards,35830,23250,28890,39170
Miscellaneous Protective Service Workers,35450,22040,26630,40980
Crossing Guards and Flaggers,35670,23990,28660,39160
"Lifeguards, Ski Patrol, and Other Recreational Protective Service Workers",27320,19180,22140,29820
Transportation Security Screeners,46380,39330,41560,49360
School Bus Monitors,30220,20600,24900,34430
"Protective Service Workers, All Other",42160,28690,31190,47760
Food Preparation and Serving Related Occupations,29450,18480,22500,31300
Supervisors of Food Preparation and Serving Workers,41130,24290,29690,48450
Chefs and Head Cooks,56920,30910,39130,65340
First-Line Supervisors of Food Preparation and Serving Workers,39150,24100,29430,46840
Cooks and Food Preparation Workers,29380,19760,23450,33130
Cooks,29560,19930,23420,34260
"Cooks, Fast Food",25490,18050,21610,29510
"Cooks, Institution and Cafeteria",31520,22140,24500,36760
"Cooks, Private Household",43260,29010,30160,51260
"Cooks, Restaurant",31630,22550,27810,36480
"Cooks, Short Order",28110,19050,22880,31050
"Cooks, All Other",33390,22310,27380,37280
Food Preparation Workers,28810,19520,23520,31340
Food and Beverage Serving Workers,27520,18080,21420,30040
Bartenders,30340,17870,20560,34120
Fast Food and Counter Workers,26060,18230,21970,29680
Waiters and Waitresses,29010,17840,20020,30850
"Food Servers, Nonrestaurant",29500,20940,23970,31670
Other Food Preparation and Serving Related Workers,27170,18510,22320,30140
Dining Room and Cafeteria Attendants and Bartender Helpers,27690,18430,22240,30280
Dishwashers,27350,19200,22920,30160
"Hosts and Hostesses, Restaurant, Lounge, and Coffee Shop",26000,18160,21750,29450
Miscellaneous Food Preparation and Serving Related Workers,28760,19100,23660,31390
"Food Preparation and Serving Related Workers, All Other",28760,19100,23660,31390
Building and Grounds Cleaning and Maintenance Occupations,33750,22660,27180,37840
Supervisors of Building and Grounds Cleaning and Maintenance Workers,48620,29940,36750,59670
First-Line Supervisors of Building and Grounds Cleaning and Maintenance Workers,48620,29940,36750,59670
First-Line Supervisors of Housekeeping and Janitorial Workers,45100,28980,33710,50440
"First-Line Supervisors of Landscaping, Lawn Service, and Groundskeeping Workers",53270,34600,38880,62200
Building Cleaning and Pest Control Workers,31590,22290,24300,36380
Building Cleaning Workers,31310,22270,24170,36120
"Janitors and Cleaners, Except Maids and Housekeeping Cleaners",31860,22340,24550,36730
Maids and Housekeeping Cleaners,29580,21820,23470,30960
"Building Cleaning Workers, All Other",38530,23130,28510,45610
Pest Control Workers,40640,28620,30520,46700
Grounds Maintenance Workers,35960,24300,29470,38450
Landscaping and Groundskeeping Workers,35240,24170,29360,38100
"Pesticide Handlers, Sprayers, and Applicators, Vegetation",40500,28820,33580,46240
Tree Trimmers and Pruners,47450,30180,38110,58160
"Grounds Maintenance Workers, All Other",39120,27720,30150,45810
Personal Care and Service Occupations,33620,19810,23560,37540
Supervisors of Personal Care and Service Workers,46950,28820,34330,58330
First-Line Supervisors of Entertainment and Recreation Workers,48370,28830,35270,60400
First-Line Supervisors of Gambling Services Workers,52590,29920,38960,61640
"First-Line Supervisors of Entertainment and Recreation Workers, Except Gambling Services",47130,28520,31560,58650
First-Line Supervisors of Personal Service Workers,45730,28700,33710,50860
Animal Care and Service Workers,30100,21480,23260,33300
Animal Trainers,38230,23160,28110,44630
Animal Caretakers,29520,21380,23160,31130
Entertainment Attendants and Related Workers,27170,18010,21420,29760
Gambling Services Workers,29340,17930,18930,30320
Gambling Dealers,28960,17740,18600,29990
Gambling and Sports Book Writers and Runners,29110,19230,22910,33020
"Gambling Service Workers, All Other",31790,21340,23080,35510
Motion Picture Projectionists,32970,22290,24960,37450
"Ushers, Lobby Attendants, and Ticket Takers",26390,17990,20650,29750
Miscellaneous Entertainment Attendants and Related Workers,26650,18080,21800,29640
Amusement and Recreation Attendants,26110,18030,21700,29480
Costume Attendants,54590,26950,31380,76940
"Locker Room, Coatroom, and Dressing Room Attendants",30220,19210,23220,33300
"Entertainment Attendants and Related Workers, All Other",29680,17390,20630,30570
Funeral Service Workers,42800,23350,28780,48890
Embalmers and Crematory Operators,47350,29000,35690,56090
Embalmers,51210,29000,37380,61200
Crematory Operators,39660,28910,31690,44270
Funeral Attendants,31630,22350,24490,35840
"Morticians, Undertakers, and Funeral Arrangers",56360,29640,37880,63820
Personal Appearance Workers,35350,21420,24980,37890
"Barbers, Hairdressers, Hairstylists and Cosmetologists",35980,20920,24040,38910
Barbers,35700,22430,26300,44730
"Hairdressers, Hairstylists, and Cosmetologists",35990,20860,23960,38790
Miscellaneous Personal Appearance Workers,34310,22290,26960,36900
"Makeup Artists, Theatrical and Performance",124380,38070,78850,164560
Manicurists and Pedicurists,30480,22290,26420,31100
Shampooers,25160,18720,22070,28860
Skincare Specialists,41700,23100,29240,47490
"Baggage Porters, Bellhops, and Concierges",34680,22660,28220,38320
Baggage Porters and Bellhops,30040,18520,23320,34790
Concierges,37520,25030,29660,45070
Tour and Travel Guides,33200,20950,24300,37670
Other Personal Care and Service Workers,33260,20650,23710,37430
Childcare Workers,27680,18540,22640,30100
Recreation and Fitness Workers,38340,22290,27390,46910
Exercise Trainers and Group Fitness Instructors,45870,22960,29580,57760
Recreation Workers,32020,21730,24330,36580
Residential Advisors,34950,23260,28820,38750
Miscellaneous Personal Care and Service Workers,30790,22320,28010,34330
"Personal Care and Service Workers, All Other",30790,22320,28010,34330
Sales and Related Occupations,46080,22330,26870,48980
Supervisors of Sales Workers,54880,29220,36360,61450
First-Line Supervisors of Sales Workers,54880,29220,36360,61450
First-Line Supervisors of Retail Sales Workers,46890,29000,33520,52070
First-Line Supervisors of Non-Retail Sales Workers,92320,47510,61490,107860
Retail Sales Workers,30060,20940,23070,30640
Cashiers,26780,18580,22670,29540
Cashiers,26770,18580,22670,29540
Gambling Change Persons and Booth Cashiers,29130,19020,22860,31080
Counter and Rental Clerks and Parts Salespersons,36480,22900,28580,42370
Counter and Rental Clerks,36170,22880,28660,39040
Parts Salespersons,36920,22940,28530,45340
Retail Salespersons,31920,21840,23500,35110
"Sales Representatives, Services",74770,30460,39540,90100
Advertising Sales Agents,66540,28700,37700,79310
Insurance Sales Agents,69340,29970,38210,78840
"Securities, Commodities, and Financial Services Sales Agents",93260,37970,48100,116240
Travel Agents,46580,28280,31200,54840
"Miscellaneous Sales Representatives, Services",71110,30310,39980,82210
"Sales Representatives of Services, Except Advertising, Insurance, Financial Services, and Travel",71110,30310,39980,82210
"Sales Representatives, Wholesale and Manufacturing",77750,33120,47230,98260
"Sales Representatives, Wholesale and Manufacturing, Technical and Scientific Products",102750,44460,61900,130860
"Sales Representatives, Wholesale and Manufacturing, Except Technical and Scientific Products",72390,30620,45800,85610
Other Sales and Related Workers,53580,23280,28560,61090
"Models, Demonstrators, and Product Promoters",39550,23790,29040,41750
Demonstrators and Product Promoters,36990,23870,29040,40130
Real Estate Brokers and Sales Agents,66880,29010,36980,77590
Real Estate Brokers,86490,30470,42920,101000
Real Estate Sales Agents,61480,28270,35880,75940
Sales Engineers,118630,62300,79900,155110
Telemarketers,30670,19470,23470,34480
Miscellaneous Sales and Related Workers,38720,23270,28350,37410
"Door-to-Door Sales Workers, News and Street Vendors, and Related Workers",34970,20850,23530,36770
"Sales and Related Workers, All Other",38840,23270,28350,37500
Office and Administrative Support Occupations,43430,28010,30180,48490
Supervisors of Office and Administrative Support Workers,63380,37370,47490,76920
First-Line Supervisors of Office and Administrative Support Workers,63380,37370,47490,76920
Communications Equipment Operators,35310,23150,28770,37770
"Switchboard Operators, Including Answering Service",34590,23120,28720,37410
Telephone Operators,39370,23690,29300,47830
Miscellaneous Communications Equipment Operators,49470,29420,37370,60510
"Communications Equipment Operators, All Other",49470,29420,37370,60510
Financial Clerks,43340,29060,35210,48340
Bill and Account Collectors,41280,28820,30420,46970
Billing and Posting Clerks,42750,29760,36650,47700
"Bookkeeping, Accounting, and Auditing Clerks",45140,29120,36750,49760
Gambling Cage Workers,30770,22660,26000,35620
Payroll and Timekeeping Clerks,49560,30240,37880,60050
Procurement Clerks,44930,30080,36890,50450
Tellers,34930,28120,29410,37500
Miscellaneous Financial Clerks,47830,30590,37040,54860
"Financial Clerks, All Other",47830,30590,37040,54860
Information and Record Clerks,38670,24260,29340,46520
Brokerage Clerks,57710,39290,47230,62570
Correspondence Clerks,41710,29420,36750,46960
"Court, Municipal, and License Clerks",44870,29070,36680,48230
"Credit Authorizers, Checkers, and Clerks",44540,29840,36890,48620
Customer Service Representatives,39070,26340,29700,46460
"Eligibility Interviewers, Government Programs",48570,31580,37250,59760
File Clerks,36820,23980,29120,45760
"Hotel, Motel, and Resort Desk Clerks",28040,21440,22910,29700
"Interviewers, Except Eligibility and Loan",38840,28650,30020,46210
"Library Assistants, Clerical",32490,22270,23910,37200
Loan Interviewers and Clerks,44910,29800,37000,49140
New Accounts Clerks,41250,29600,36340,46960
Order Clerks,41820,28730,30040,47700
"Human Resources Assistants, Except Payroll and Timekeeping",44840,29890,37180,49050
Receptionists and Information Clerks,32910,23050,28420,36980
Reservation and Transportation Ticket Agents and Travel Clerks,45630,29110,30690,59770
Miscellaneous Information and Record Clerks,43950,29010,34590,50500
"Information and Record Clerks, All Other",43950,29010,34590,50500
"Material Recording, Scheduling, Dispatching, and Distributing Workers",45710,29180,36070,55390
Cargo and Freight Agents,48420,30020,37020,59380
Couriers and Messengers,34270,23850,28960,37440
Dispatchers,46780,29180,36470,56760
Public Safety Telecommunicators,47030,29340,36890,59360
"Dispatchers, Except Police, Fire, and Ambulance",46650,29120,35590,55340
"Meter Readers, Utilities",47430,28690,32790,60020
Postal Service Workers,53480,38880,39640,65500
Postal Service Clerks,53210,38880,46070,64210
Postal Service Mail Carriers,54370,39640,39640,67230
"Postal Service Mail Sorters, Processors, and Processing Machine Operators",51010,36070,38880,63940
"Production, Planning, and Expediting Clerks",52220,31550,38060,60840
"Shipping, Receiving, and Inventory Clerks",38210,27830,29840,45710
"Weighers, Measurers, Checkers, and Samplers, Recordkeeping",39540,28860,30210,46810
Secretaries and Administrative Assistants,45250,28920,34520,49680
Executive Secretaries and Executive Administrative Assistants,66870,38620,48720,78110
Legal Secretaries and Administrative Assistants,52540,29770,37560,61590
Medical Secretaries and Administrative Assistants,39740,29040,30710,46570
"Secretaries and Administrative Assistants, Except Legal, Medical, and Executive",41080,28200,30210,47570
Other Office and Administrative Support Workers,39480,23870,29630,47010
Data Entry and Information Processing Workers,37590,26000,29650,45980
Data Entry Keyers,35940,24510,29310,39230
Word Processors and Typists,43370,29780,37110,47950
Desktop Publishers,50930,27770,30880,63760
Insurance Claims and Policy Processing Clerks,45790,30010,37200,48860
"Mail Clerks and Mail Machine Operators, Except Postal Service",34390,23430,28990,37500
"Office Clerks, General",38990,23500,29410,46900
"Office Machine Operators, Except Computer",37110,26000,29820,41420
Proofreaders and Copy Markers,46010,29120,34270,57260
Statistical Assistants,53420,34650,38320,62170
Miscellaneous Office and Administrative Support Workers,42580,24960,29800,48590
"Office and Administrative Support Workers, All Other",42580,24960,29800,48590
"Farming, Fishing, and Forestry Occupations",34730,26990,29120,37140
"Supervisors of Farming, Fishing, and Forestry Workers",54450,32400,38350,63020
"First-Line Supervisors of Farming, Fishing, and Forestry Workers",54450,32400,38350,63020
Agricultural Workers,32450,26000,29120,34790
Agricultural Inspectors,47430,29990,35610,56850
Animal Breeders,43270,22680,29630,58860
"Graders and Sorters, Agricultural Products",30400,23170,28430,31600
Miscellaneous Agricultural Workers,31980,26190,29120,34020
Agricultural Equipment Operators,36280,25490,29540,40330
"Farmworkers and Laborers, Crop, Nursery, and Greenhouse",31440,28230,29120,31320
"Farmworkers, Farm, Ranch, and Aquacultural Animals",32150,21840,25880,36960
"Agricultural Workers, All Other",37190,21980,29060,44220
"Forest, Conservation, and Logging Workers",43320,28490,30810,48550
Forest and Conservation Workers,33690,25850,29510,36830
Logging Workers,45000,28810,35980,49830
Fallers,53760,28010,36560,62200
Logging Equipment Operators,43960,28810,35890,48770
Log Graders and Scalers,41520,28830,32230,47760
"Logging Workers, All Other",45430,28270,36190,51400
Construction and Extraction Occupations,55900,30080,37680,63960
Supervisors of Construction and Extraction Workers,75060,47330,58000,92150
First-Line Supervisors of Construction Trades and Extraction Workers,75060,47330,58000,92150
Construction Trades Workers,54140,29970,37500,62010
Boilermakers,69070,46040,56430,79320
"Brickmasons, Blockmasons, and Stonemasons",59870,36750,46680,74750
Brickmasons and Blockmasons,61430,37100,47110,76070
Stonemasons,50170,30180,37790,59380
Carpenters,55190,31880,38240,61980
"Carpet, Floor, and Tile Installers and Finishers",51890,29650,37020,61020
Carpet Installers,48710,29090,36310,59770
"Floor Layers, Except Carpet, Wood, and Hard Tiles",53880,29840,37330,66510
Floor Sanders and Finishers,44380,28340,30250,48040
Tile and Stone Setters,53330,30070,37620,61020
"Cement Masons, Concrete Finishers, and Terrazzo Workers",51000,31690,37840,59770
Cement Masons and Concrete Finishers,50900,31610,37840,59690
Terrazzo Workers and Finishers,58380,36810,38960,69790
Construction Laborers,44130,28820,30780,48040
Construction Equipment Operators,55890,35770,38340,62370
"Paving, Surfacing, and Tamping Equipment Operators",50590,30220,37630,59650
Pile Driver Operators,75950,38170,48950,96360
Operating Engineers and Other Construction Equipment Operators,56280,36150,38570,62690
"Drywall Installers, Ceiling Tile Installers, and Tapers",56160,31260,38240,63570
Drywall and Ceiling Tile Installers,54810,30460,38000,61980
Tapers,65140,37980,48040,79080
Electricians,63310,37020,46900,77350
Glaziers,51950,30470,37630,60150
Insulation Workers,50300,29700,36990,59130
"Insulation Workers, Floor, Ceiling, and Wall",44810,29120,34200,48850
"Insulation Workers, Mechanical",56260,35970,38540,62010
Painters and Paperhangers,47180,29770,36930,53830
"Painters, Construction and Maintenance",47140,29770,36920,53310
Paperhangers,51560,29590,37670,60420
"Pipelayers, Plumbers, Pipefitters, and Steamfitters",62250,36290,45640,77200
Pipelayers,48510,30000,36910,59240
"Plumbers, Pipefitters, and Steamfitters",63350,36700,46590,77890
Plasterers and Stucco Masons,54810,30160,37860,61170
Reinforcing Iron and Rebar Workers,58960,36930,45190,73490
Roofers,48890,29870,37190,59480
Sheet Metal Workers,58760,34450,39200,74920
Structural Iron and Steel Workers,61270,36610,45670,76920
Solar Photovoltaic Installers,50710,36320,37990,59010
"Helpers, Construction Trades",37340,27660,29630,41800
"Helpers--Brickmasons, Blockmasons, Stonemasons, and Tile and Marble Setters",43370,29280,33300,47430
Helpers--Carpenters,37340,28080,29750,43790
Helpers--Electricians,36720,27680,29630,39350
"Helpers--Painters, Paperhangers, Plasterers, and Stucco Masons",35270,27040,29400,37970
"Helpers--Pipelayers, Plumbers, Pipefitters, and Steamfitters",36350,27410,29260,38420
Helpers--Roofers,36000,25890,29650,38550
"Helpers, Construction Trades, All Other",37610,26620,29660,43480
Other Construction and Related Workers,54670,29860,37500,61950
Construction and Building Inspectors,68480,38110,48360,78940
Elevator and Escalator Installers and Repairers,91320,47370,62190,117350
Fence Erectors,41140,28830,31920,46550
Hazardous Materials Removal Workers,49280,30110,37070,59400
Highway Maintenance Workers,44340,29130,36700,48500
Rail-Track Laying and Maintenance Equipment Operators,60770,37620,48070,77560
Septic Tank Servicers and Sewer Pipe Cleaners,45390,29310,36240,49850
Miscellaneous Construction and Related Workers,45370,29350,35090,49860
Extraction Workers,51900,31950,37730,60900
"Derrick, Rotary Drill, and Service Unit Operators, Oil and Gas",56460,35020,38410,65410
"Derrick Operators, Oil and Gas",52140,36460,38270,61020
"Rotary Drill Operators, Oil and Gas",61840,36890,46940,76990
"Service Unit Operators, Oil and Gas",55660,32700,37990,62370
Surface Mining Machine Operators and Earth Drillers,51000,35410,38050,59380
"Excavating and Loading Machine and Dragline Operators, Surface Mining",49850,34180,37790,58840
"Earth Drillers, Except Oil and Gas",53600,36910,43780,60830
"Explosives Workers, Ordnance Handling Experts, and Blasters",57070,36880,45610,65850
Underground Mining Machine Operators,57920,38490,47530,61930
Continuous Mining Machine Operators,57430,38050,47370,61690
"Roof Bolters, Mining",59170,46840,47610,62000
"Loading and Moving Machine Operators, Underground Mining",57330,38000,47060,61030
"Underground Mining Machine Operators, All Other",60290,41480,48940,62890
"Rock Splitters, Quarry",41630,28830,30120,47530
"Roustabouts, Oil and Gas",44730,29460,36660,47790
Helpers--Extraction Workers,40860,29400,34600,46740
Miscellaneous Extraction Workers,50960,30900,37900,59790
"Extraction Workers, All Other",50960,30900,37900,59790
"Installation, Maintenance, and Repair Occupations",53380,29540,37280,62000
"Supervisors of Installation, Maintenance, and Repair Workers",73590,43800,51980,91390
"First-Line Supervisors of Mechanics, Installers, and Repairers",73590,43800,51980,91390
"Electrical and Electronic Equipment Mechanics, Installers, and Repairers",57260,31020,38880,72920
"Computer, Automated Teller, and Office Machine Repairers",44170,29010,34640,50440
Radio and Telecommunications Equipment Installers and Repairers,60510,36450,47040,76490
"Radio, Cellular, and Tower Equipment Installers and Repairers",62500,36900,47230,77800
"Telecommunications Equipment Installers and Repairers, Except Line Installers",60350,36360,47040,76490
"Miscellaneous Electrical and Electronic Equipment Mechanics, Installers, and Repairers",59590,34770,43680,75840
Avionics Technicians,69860,38700,56960,80690
"Electric Motor, Power Tool, and Related Repairers",48740,29920,37360,58970
"Electrical and Electronics Installers and Repairers, Transportation Equipment",70650,45530,59870,80900
"Electrical and Electronics Repairers, Commercial and Industrial Equipment",64230,37800,48420,76600
"Electrical and Electronics Repairers, Powerhouse, Substation, and Relay",87640,59540,76140,101680
"Electronic Equipment Installers and Repairers, Motor Vehicles",43690,29110,36260,48670
Audiovisual Equipment Installers and Repairers,46120,29460,36490,54150
Security and Fire Alarm Systems Installers,52170,30490,38110,60830
"Vehicle and Mobile Equipment Mechanics, Installers, and Repairers",50400,29170,36870,60550
Aircraft Mechanics and Service Technicians,69470,38270,50330,79540
Automotive Technicians and Repairers,48310,29060,36290,59860
Automotive Body and Related Repairers,50660,29660,37360,59930
Automotive Glass Installers and Repairers,40690,28470,31370,47090
Automotive Service Technicians and Mechanics,47990,29010,35680,59950
Bus and Truck Mechanics and Diesel Engine Specialists,53020,35730,41600,61050
Heavy Vehicle and Mobile Equipment Service Technicians and Mechanics,55900,36900,45920,62740
Farm Equipment Mechanics and Service Technicians,47250,30010,37280,58840
"Mobile Heavy Equipment Mechanics, Except Engines",57280,37290,47020,63450
Rail Car Repairers,60400,37430,47200,77150
Small Engine Mechanics,42690,28600,31600,48280
Motorboat Mechanics and Service Technicians,46660,29260,36730,56550
Motorcycle Mechanics,41970,27890,30320,48060
Outdoor Power Equipment and Other Small Engine Mechanics,40360,28120,30400,47000
"Miscellaneous Vehicle and Mobile Equipment Mechanics, Installers, and Repairers",34340,23400,28530,37220
Bicycle Repairers,34360,24960,29120,37920
Recreational Vehicle Service Technicians,44930,29080,36100,49660
Tire Repairers and Changers,32520,23120,28260,36490
"Other Installation, Maintenance, and Repair Occupations",50730,29350,36960,60610
Control and Valve Installers and Repairers,59860,34570,40470,76920
Mechanical Door Repairers,45520,29780,36820,51440
"Control and Valve Installers and Repairers, Except Mechanical Door",67310,37590,47840,80680
"Heating, Air Conditioning, and Refrigeration Mechanics and Installers",54690,34320,38450,62000
Home Appliance Repairers,45340,28450,34920,53890
"Industrial Machinery Installation, Repair, and Maintenance Workers",58350,37260,47110,66320
Industrial Machinery Mechanics,58780,37370,47260,67460
"Maintenance Workers, Machinery",53570,35010,40540,61250
Millwrights,61260,37860,47540,76110
"Refractory Materials Repairers, Except Brickmasons",54760,36780,46980,62760
Line Installers and Repairers,71500,37800,48140,96000
Electrical Power-Line Installers and Repairers,79060,46200,60480,99000
Telecommunications Line Installers and Repairers,62250,37140,43570,78960
Precision Instrument and Equipment Repairers,54870,30030,37820,64560
Camera and Photographic Equipment Repairers,44260,28380,32760,48510
Medical Equipment Repairers,56420,31280,38250,69920
Musical Instrument Repairers and Tuners,39740,24420,29220,46700
Watch and Clock Repairers,45460,23420,29300,55530
"Precision Instrument and Equipment Repairers, All Other",59070,37070,46650,71680
"Maintenance and Repair Workers, General",44920,28910,34270,53900
Wind Turbine Service Technicians,58580,46420,47040,63930
"Miscellaneous Installation, Maintenance, and Repair Workers",43710,28180,30350,49340
"Coin, Vending, and Amusement Machine Servicers and Repairers",42010,27460,30300,48040
Commercial Divers,82010,37130,47120,115330
Locksmiths and Safe Repairers,47810,29330,36590,59380
Manufactured Building and Mobile Home Installers,35830,25150,29180,38750
Riggers,52100,30630,37820,61090
Signal and Track Switch Repairers,74220,50560,63360,80900
"Helpers--Installation, Maintenance, and Repair Workers",35090,23480,28990,37880
"Installation, Maintenance, and Repair Workers, All Other",45380,29080,34470,53350
Production Occupations,43070,27590,30040,48310
Supervisors of Production Workers,67330,38070,48280,78820
First-Line Supervisors of Production and Operating Workers,67330,38070,48280,78820
Assemblers and Fabricators,39000,27420,29910,46460
"Aircraft Structure, Surfaces, Rigging, and Systems Assemblers",55380,31820,38870,73470
"Electrical, Electronics, and Electromechanical Assemblers",39740,28820,30140,46880
"Coil Winders, Tapers, and Finishers",42460,29250,33120,47500
"Electrical, Electronic, and Electromechanical Assemblers, Except Coil Winders, Tapers, and Finishers",39630,28820,30120,46770
Engine and Other Machine Assemblers,48110,30280,37610,60020
Structural Metal Fabricators and Fitters,45730,30090,37180,49470
Fiberglass Laminators and Fabricators,40360,29010,30660,47160
Timing Device Assemblers and Adjusters,44670,29680,32120,48010
Miscellaneous Assemblers and Fabricators,37780,26160,29710,45130
Food Processing Workers,33830,23280,28790,37550
Bakers,32300,22820,27660,36930
"Butchers and Other Meat, Poultry, and Fish Processing Workers",33360,23350,28860,37450
Butchers and Meat Cutters,35670,23420,29120,38990
"Meat, Poultry, and Fish Cutters and Trimmers",31680,23190,28470,36920
Slaughterers and Meat Packers,32010,23750,29090,36870
Miscellaneous Food Processing Workers,35630,23790,29210,38930
"Food and Tobacco Roasting, Baking, and Drying Machine Operators and Tenders",36280,23480,29060,43380
Food Batchmakers,36190,23590,29160,44170
Food Cooking Machine Operators and Tenders,35430,23890,29470,38580
"Food Processing Workers, All Other",33600,23840,29210,36990
Metal Workers and Plastic Workers,44840,29530,36100,49610
"Forming Machine Setters, Operators, and Tenders, Metal and Plastic",42710,29620,35310,47950
"Extruding and Drawing Machine Setters, Operators, and Tenders, Metal and Plastic",40520,29190,31900,47330
"Forging Machine Setters, Operators, and Tenders, Metal and Plastic",44410,29840,36750,49190
"Rolling Machine Setters, Operators, and Tenders, Metal and Plastic",46210,30220,37610,56140
"Machine Tool Cutting Setters, Operators, and Tenders, Metal and Plastic",40740,29120,31030,47440
"Cutting, Punching, and Press Machine Setters, Operators, and Tenders, Metal and Plastic",40000,29010,30520,47160
"Drilling and Boring Machine Tool Setters, Operators, and Tenders, Metal and Plastic",43240,29820,33980,47970
"Grinding, Lapping, Polishing, and Buffing Machine Tool Setters, Operators, and Tenders, Metal and Plastic",40030,29120,30500,47150
"Lathe and Turning Machine Tool Setters, Operators, and Tenders, Metal and Plastic",44270,29720,36750,48920
"Milling and Planing Machine Setters, Operators, and Tenders, Metal and Plastic",47100,30060,37370,56500
Machinists,49020,30220,37770,60040
"Metal Furnace Operators, Tenders, Pourers, and Casters",45990,30030,37030,56150
Metal-Refining Furnace Operators and Tenders,46440,30060,37200,58240
"Pourers and Casters, Metal",44910,30010,36750,50480
"Model Makers and Patternmakers, Metal and Plastic",55740,31560,38700,72680
"Model Makers, Metal and Plastic",59080,36900,43480,76920
"Patternmakers, Metal and Plastic",49840,30120,37710,60660
"Molders and Molding Machine Setters, Operators, and Tenders, Metal and Plastic",37720,27200,29610,45410
Foundry Mold and Coremakers,39980,28810,30590,47440
"Molding, Coremaking, and Casting Machine Setters, Operators, and Tenders, Metal and Plastic",37530,27070,29570,44810
"Multiple Machine Tool Setters, Operators, and Tenders, Metal and Plastic",40830,28560,30280,47500
Tool and Die Makers,56150,36900,46720,63430
"Welding, Soldering, and Brazing Workers",47910,30760,37750,56000
"Welders, Cutters, Solderers, and Brazers",48290,31350,37860,56850
"Welding, Soldering, and Brazing Machine Setters, Operators, and Tenders",42950,30010,36020,48290
Miscellaneous Metal Workers and Plastic Workers,40940,28950,30280,47440
"Heat Treating Equipment Setters, Operators, and Tenders, Metal and Plastic",41560,29110,31890,47940
"Layout Workers, Metal and Plastic",52340,32380,39460,61620
"Plating Machine Setters, Operators, and Tenders, Metal and Plastic",38580,28820,30120,45760
"Tool Grinders, Filers, and Sharpeners",43660,29010,34330,48980
"Metal Workers and Plastic Workers, All Other",39480,28820,30070,45920
Printing Workers,40660,27400,30070,47500
Prepress Technicians and Workers,43800,29110,34180,48960
Printing Press Operators,41120,27890,30160,47640
Print Binding and Finishing Workers,37060,23840,29610,45820
"Textile, Apparel, and Furnishings Workers",31210,22190,24440,36220
Laundry and Dry-Cleaning Workers,27830,20740,23040,29820
"Pressers, Textile, Garment, and Related Materials",28110,21580,23290,29820
Sewing Machine Operators,30880,22290,26120,36100
Shoe and Leather Workers,32950,22380,27210,36920
Shoe and Leather Workers and Repairers,34890,23360,28350,38100
Shoe Machine Operators and Tenders,29920,20970,23440,34490
"Tailors, Dressmakers, and Sewers",34630,22150,27570,37920
"Sewers, Hand",31350,22290,26330,36530
"Tailors, Dressmakers, and Custom Sewers",35430,22070,27900,38660
"Textile Machine Setters, Operators, and Tenders",33110,23710,28860,36990
Textile Bleaching and Dyeing Machine Operators and Tenders,31940,23140,28350,36670
"Textile Cutting Machine Setters, Operators, and Tenders",33100,23010,28350,37150
"Textile Knitting and Weaving Machine Setters, Operators, and Tenders",33640,23720,29030,37170
"Textile Winding, Twisting, and Drawing Out Machine Setters, Operators, and Tenders",33050,26060,29020,36990
"Miscellaneous Textile, Apparel, and Furnishings Workers",39050,23860,29630,46560
"Extruding and Forming Machine Setters, Operators, and Tenders, Synthetic and Glass Fibers",40600,29030,30750,47440
Fabric and Apparel Patternmakers,64070,29500,37630,79540
Upholsterers,38220,23700,29750,46210
"Textile, Apparel, and Furnishings Workers, All Other",32840,22990,27520,37080
Woodworkers,37520,24440,29580,45190
Cabinetmakers and Bench Carpenters,40070,28200,30070,47160
Furniture Finishers,37310,26200,29610,44520
"Model Makers and Patternmakers, Wood",56560,36410,39150,73110
"Model Makers, Wood",60040,37070,46910,75940
"Patternmakers, Wood",51020,30070,37710,62680
"Woodworking Machine Setters, Operators, and Tenders",35450,23750,29260,38140
"Sawing Machine Setters, Operators, and Tenders, Wood",35280,23430,29120,38090
"Woodworking Machine Setters, Operators, and Tenders, Except Sawing",35560,23960,29390,38190
Miscellaneous Woodworkers,36080,23700,29120,41550
"Woodworkers, All Other",36080,23700,29120,41550
Plant and System Operators,66210,36750,47130,80390
"Power Plant Operators, Distributors, and Dispatchers",89410,49680,75120,102940
Nuclear Power Reactor Operators,111220,79720,98390,126950
Power Distributors and Dispatchers,95520,61670,79270,109180
Power Plant Operators,83740,48610,62890,100340
Stationary Engineers and Boiler Operators,70510,44260,49760,80730
Water and Wastewater Treatment Plant and System Operators,52320,30070,37720,60740
Miscellaneous Plant and System Operators,72540,38500,56510,91430
Chemical Plant and System Operators,69020,38340,48920,81250
Gas Plant Operators,76970,47470,61410,96200
"Petroleum Pump System Operators, Refinery Operators, and Gaugers",80500,51290,64350,98030
"Plant and System Operators, All Other",55480,29750,38070,66670
Other Production Occupations,41820,27870,30070,47800
"Chemical Processing Machine Setters, Operators, and Tenders",50760,30010,37350,60910
Chemical Equipment Operators and Tenders,52450,30180,37610,61690
"Separating, Filtering, Clarifying, Precipitating, and Still Machine Setters, Operators, and Tenders",47060,29680,36750,54650
"Crushing, Grinding, Polishing, Mixing, and Blending Workers",41900,28990,31610,47720
"Crushing, Grinding, and Polishing Machine Setters, Operators, and Tenders",42790,29120,33240,48500
"Grinding and Polishing Workers, Hand",35990,24470,29750,38910
"Mixing and Blending Machine Setters, Operators, and Tenders",42490,29250,34090,47850
Cutting Workers,39300,28540,30200,46960
"Cutters and Trimmers, Hand",34330,23240,28100,37740
"Cutting and Slicing Machine Setters, Operators, and Tenders",40010,28990,31310,47280
"Extruding, Forming, Pressing, and Compacting Machine Setters, Operators, and Tenders",40050,28890,30280,47430
"Furnace, Kiln, Oven, Drier, and Kettle Operators and Tenders",43910,29310,36070,49200
"Inspectors, Testers, Sorters, Samplers, and Weighers",44810,28820,31540,49450
Jewelers and Precious Stone and Metal Workers,47090,27030,35490,58260
Dental and Ophthalmic Laboratory Technicians and Medical Appliance Technicians,44770,29230,33260,48980
Dental Laboratory Technicians,47320,29600,36160,57730
Medical Appliance Technicians,46320,30010,35940,49970
Ophthalmic Laboratory Technicians,38910,28080,30010,46210
Packaging and Filling Machine Operators and Tenders,36750,24960,29250,42050
Painting Workers,43480,29370,34780,48260
"Painting, Coating, and Decorating Workers",38250,26190,30010,45850
"Coating, Painting, and Spraying Machine Setters, Operators, and Tenders",43900,29460,35430,48480
Semiconductor Processing Technicians,45910,29830,36100,55910
Photographic Process Workers and Processing Machine Operators,40300,26170,29690,46460
Computer Numerically Controlled Tool Operators and Programmers,48500,30420,37770,59050
Computer Numerically Controlled Tool Operators,46240,30220,37510,50630
Computer Numerically Controlled Tool Programmers,62360,38290,48160,76540
Miscellaneous Production Workers,36920,23840,29050,44510
Adhesive Bonding Machine Operators and Tenders,38580,26920,29820,46480
"Cleaning, Washing, and Metal Pickling Equipment Operators and Tenders",35820,25840,29250,38940
Cooling and Freezing Equipment Operators and Tenders,42910,29200,35150,48330
Etchers and Engravers,36970,23860,29460,43950
"Molders, Shapers, and Casters, Except Metal and Plastic",39020,28820,30270,46210
"Paper Goods Machine Setters, Operators, and Tenders",44180,29480,36390,48640
Tire Builders,47840,30500,37630,60110
Helpers--Production Workers,32910,22830,28260,37120
"Production Workers, All Other",36230,23700,28840,39530
Transportation and Material Moving Occupations,41340,23820,29520,47590
Supervisors of Transportation and Material Moving Workers,58630,36870,42880,70820
First-Line Supervisors of Transportation and Material Moving Workers,58630,36870,42880,70820
Aircraft Cargo Handling Supervisors,62080,38830,48180,79830
"First-Line Supervisors of Transportation and Material Moving Workers, Except Aircraft Cargo Handling Supervisors",58580,36820,42640,70160
Air Transportation Workers,119590,39450,60520,158870
Aircraft Pilots and Flight Engineers,169540,69470,100550,
"Airline Pilots, Copilots, and Flight Engineers",198190,100110,126470,
Commercial Pilots,115080,50080,75370,134110
Air Traffic Controllers and Airfield Operations Specialists,100510,38010,50190,148280
Air Traffic Controllers,127920,71880,90330,163700
Airfield Operations Specialists,54360,30770,37990,63350
Flight Attendants,62280,37020,48780,76920
Motor Vehicle Operators,44330,23860,30640,50700
"Ambulance Drivers and Attendants, Except Emergency Medical Technicians",31060,22460,24320,34720
Driver/Sales Workers and Truck Drivers,45460,24510,33270,55980
Driver/Sales Workers,31970,18360,22570,37810
Heavy and Tractor-Trailer Truck Drivers,50340,30710,38570,59950
Light Truck Drivers,42630,24380,30350,48790
Passenger Vehicle Drivers,39640,22810,29280,47960
"Bus Drivers, School",38750,19860,29490,47520
"Bus Drivers, Transit and Intercity",51310,30290,38080,62400
Shuttle Drivers and Chauffeurs,32570,22710,26420,37010
Taxi Drivers,30050,21010,23950,33620
Miscellaneous Motor Vehicle Operators,36410,20470,24710,45790
"Motor Vehicle Operators, All Other",36410,20470,24710,45790
Rail Transportation Workers,68330,48120,61000,81350
Locomotive Engineers and Operators,71410,48120,61430,81910
Locomotive Engineers,72940,48780,62410,82050
"Rail Yard Engineers, Dinkey Operators, and Hostlers",58070,38550,47350,64500
"Railroad Brake, Signal, and Switch Operators and Locomotive Firers",63050,44260,60620,64440
Railroad Conductors and Yardmasters,66990,48950,61220,77710
Subway and Streetcar Operators,71520,48010,61000,81980
Miscellaneous Rail Transportation Workers,54140,34170,38400,63530
"Rail Transportation Workers, All Other",54140,34170,38400,63530
Water Transportation Workers,80780,30490,42320,99340
Sailors and Marine Oilers,57800,29120,35380,61430
Ship and Boat Captains and Operators,94250,34520,50640,111910
"Captains, Mates, and Pilots of Water Vessels",98330,37240,59400,122520
Motorboat Operators,44410,28350,32620,51020
Ship Engineers,96910,49420,64330,105910
Other Transportation Workers,35900,22670,26450,37760
Bridge and Lock Tenders,44760,27400,28690,59250
Parking Attendants,29210,19970,23410,31110
Transportation Service Attendants,30810,23080,25270,34420
Automotive and Watercraft Service Attendants,29960,22980,24960,31030
Aircraft Service Attendants,38640,27920,29990,44670
Traffic Technicians,53210,36450,38500,61920
Transportation Inspectors,77620,37030,50780,98280
Passenger Attendants,34380,24930,29210,38980
Miscellaneous Transportation Workers,39990,23250,29520,48540
"Transportation Workers, All Other",39990,23250,29520,48540
Material Moving Workers,34900,23570,28880,38080
Conveyor Operators and Tenders,37010,28790,29650,40490
Crane and Tower Operators,65270,37490,48140,77930
Dredge Operators,50530,35440,38250,61740
Hoist and Winch Operators,58450,30560,37820,77980
Industrial Truck and Tractor Operators,40950,29860,36000,47230
Laborers and Material Movers,33570,23550,28560,37720
Cleaners of Vehicles and Equipment,30550,21890,24180,34620
"Laborers and Freight, Stock, and Material Movers, Hand",34950,24180,29240,37970
Machine Feeders and Offbearers,36660,26480,29920,39460
"Packers and Packagers, Hand",30950,23030,26090,36060
Stockers and Order Fillers,33020,23460,28350,37470
Pumping Station Operators,62590,36910,47300,78390
Gas Compressor and Gas Pumping Station Operators,67130,38490,49400,80500
"Pump Operators, Except Wellhead Pumpers",54400,34120,38830,64740
Wellhead Pumpers,67170,38590,49790,79520
Refuse and Recyclable Material Collectors,42780,24950,30270,48870
"Tank Car, Truck, and Ship Loaders",55330,33090,38570,77610
Miscellaneous Material Moving Workers,40190,28450,29960,47380
"Material Moving Workers, All Other",40190,28450,29960,47380
